Дата,Перегляди сторінок
01.03.22,12248
02.03.22,13466
03.03.22,12535
04.03.22,10473
05.03.22,6982
06.03.22,8299
07.03.22,13720
08.03.22,14435
09.03.22,14014
10.03.22,13979
11.03.22,8876
12.03.22,6201
13.03.22,7083
14.03.22,13057
15.03.22,13081
16.03.22,14633
17.03.22,15447
18.03.22,12022
19.03.22,7317
20.03.22,7374
21.03.22,14445
22.03.22,14033
23.03.22,14806
24.03.22,21500
25.03.22,16233
26.03.22,7687
27.03.22,8868
28.03.22,14539
29.03.22,14513
30.03.22,15471
31.03.22,16047
01.04.22,12949
02.04.22,7055
03.04.22,7694
04.04.22,16129
05.04.22,16039
06.04.22,34968
07.04.22,24429
08.04.22,17974
09.04.22,9235
10.04.22,9436
11.04.22,17033
12.04.22,16118
13.04.22,15270
14.04.22,16382
15.04.22,13812
16.04.22,8569
17.04.22,7199
18.04.22,15587
19.04.22,16828
20.04.22,17206
21.04.22,18682
22.04.22,14054
23.04.22,7896
24.04.22,8511
25.04.22,16206
26.04.22,16679
27.04.22,17886
28.04.22,17867
29.04.22,15619
30.04.22,7639
01.05.22,8508
02.05.22,16206
03.05.22,15543
04.05.22,15421
05.05.22,17379
06.05.22,16029
07.05.22,9937
08.05.22,8960
09.05.22,15985
10.05.22,17506
11.05.22,19250
12.05.22,18520
13.05.22,15418
14.05.22,8414
15.05.22,9989
16.05.22,15589
17.05.22,16112
18.05.22,14774
19.05.22,18654
20.05.22,15112
21.05.22,7803
22.05.22,8449
23.05.22,15331
24.05.22,17009
25.05.22,17390
26.05.22,15973
27.05.22,13890
28.05.22,6951
29.05.22,7946
30.05.22,9850
31.05.22,15250
01.06.22,15468
02.06.22,15581
03.06.22,15995
04.06.22,8700
05.06.22,8532
06.06.22,16784
07.06.22,18403
08.06.22,17078
09.06.22,19501
10.06.22,16437
11.06.22,8329
12.06.22,8784
13.06.22,18374
14.06.22,17591
15.06.22,18749
16.06.22,17745
17.06.22,16156
18.06.22,7472
19.06.22,8278
20.06.22,11265
21.06.22,15845
22.06.22,17171
23.06.22,16256
24.06.22,14787
25.06.22,7581
26.06.22,7907
27.06.22,16222
28.06.22,17031
29.06.22,15368
30.06.22,15524
01.07.22,13003
02.07.22,7813
03.07.22,8257
04.07.22,8031
05.07.22,10902
06.07.22,15305
07.07.22,15070
08.07.22,12904
09.07.22,7082
10.07.22,7347
11.07.22,14647
12.07.22,15367
13.07.22,14488
14.07.22,15527
15.07.22,14036
16.07.22,7322
17.07.22,8457
18.07.22,16118
19.07.22,17345
20.07.22,18291
21.07.22,17265
22.07.22,16169
23.07.22,6995
24.07.22,8568
25.07.22,15586
26.07.22,18076
27.07.22,18830
28.07.22,16621
29.07.22,16216
30.07.22,7566
31.07.22,8569
01.08.22,16453
02.08.22,15892
03.08.22,15774
04.08.22,17061
05.08.22,15967
06.08.22,7810
07.08.22,8413
08.08.22,16856
09.08.22,18487
10.08.22,18398
11.08.22,14928
12.08.22,16051
13.08.22,6389
14.08.22,7200
15.08.22,14580
16.08.22,14991
17.08.22,15418
18.08.22,15954
19.08.22,14216
20.08.22,6637
21.08.22,7391
22.08.22,15487
23.08.22,16880
24.08.22,15696
25.08.22,16460
26.08.22,16598
27.08.22,6410
28.08.22,7653
29.08.22,14873
30.08.22,13146
31.08.22,14105
01.09.22,13936
02.09.22,11848
03.09.22,6404
04.09.22,5239
05.09.22,7744
06.09.22,14679
07.09.22,13882
08.09.22,14228
09.09.22,13089
10.09.22,6497
11.09.22,6954
12.09.22,14175
13.09.22,14899
14.09.22,12668
15.09.22,14146
16.09.22,11833
17.09.22,6704
18.09.22,7554
19.09.22,15290
20.09.22,15820
21.09.22,14130
22.09.22,15521
23.09.22,14229
24.09.22,7342
25.09.22,8584
26.09.22,57530
27.09.22,92544
28.09.22,20154
29.09.22,17574
30.09.22,13676
01.10.22,7567
02.10.22,7457
03.10.22,15311
04.10.22,15463
05.10.22,15026
06.10.22,16180
07.10.22,13908
08.10.22,7418
09.10.22,7728
10.10.22,13692
11.10.22,15480
12.10.22,22093
13.10.22,17353
14.10.22,14423
15.10.22,7326
16.10.22,8291
17.10.22,17088
18.10.22,17050
19.10.22,16227
20.10.22,16302
21.10.22,13237
22.10.22,6881
23.10.22,7747
24.10.22,14418
25.10.22,15061
26.10.22,15352
27.10.22,13774
28.10.22,12844
29.10.22,6352
30.10.22,7865
31.10.22,13124
01.11.22,26060
02.11.22,20834
03.11.22,25088
04.11.22,22807
05.11.22,8698
06.11.22,9873
07.11.22,18049
08.11.22,19109
09.11.22,17608
10.11.22,16174
11.11.22,14592
12.11.22,8008
13.11.22,8722
14.11.22,16200
15.11.22,16839
16.11.22,15940
17.11.22,18672
18.11.22,15706
19.11.22,8597
20.11.22,9409
21.11.22,16184
22.11.22,16902
23.11.22,12286
24.11.22,9034
25.11.22,10943
26.11.22,8476
27.11.22,9306
28.11.22,46763
29.11.22,17718
30.11.22,17234
01.12.22,17744
02.12.22,16387
03.12.22,7568
04.12.22,9666
05.12.22,17388
06.12.22,21976
07.12.22,48924
08.12.22,26436
09.12.22,17688
10.12.22,10297
11.12.22,11323
12.12.22,20203
13.12.22,18040
14.12.22,16553
15.12.22,14473
16.12.22,13426
17.12.22,7803
18.12.22,7066
19.12.22,14078
20.12.22,11797
21.12.22,11950
22.12.22,10105
23.12.22,6166
24.12.22,4408
25.12.22,5239
26.12.22,6013
27.12.22,9455
28.12.22,7851
29.12.22,7586
30.12.22,5560
31.12.22,3951
01.01.23,5128
02.01.23,6557
03.01.23,11637
04.01.23,11159
05.01.23,16746
06.01.23,9718
07.01.23,5948
08.01.23,6510
09.01.23,12052
10.01.23,11873
11.01.23,13218
12.01.23,11070
13.01.23,10934
14.01.23,6236
15.01.23,7176
16.01.23,8054
17.01.23,11308
18.01.23,11650
19.01.23,11993
20.01.23,10443
21.01.23,5559
22.01.23,5821
23.01.23,9066
24.01.23,9294
25.01.23,8871
26.01.23,9568
27.01.23,7793
28.01.23,4929
29.01.23,4720
30.01.23,9153
31.01.23,11421
01.02.23,9470
02.02.23,10116
03.02.23,8886
04.02.23,5025
05.02.23,5339
06.02.23,11563
07.02.23,11324
08.02.23,10066
09.02.23,10212
10.02.23,9516
11.02.23,5435
12.02.23,5532
13.02.23,9860
14.02.23,9154
15.02.23,10178
16.02.23,10179
17.02.23,8210
18.02.23,4853
19.02.23,5487
20.02.23,8277
21.02.23,10117
22.02.23,10635
23.02.23,9883
24.02.23,8789
25.02.23,5649
26.02.23,5874
27.02.23,9925
28.02.23,10287
01.03.23,9257
02.03.23,10602
03.03.23,9541
04.03.23,6087
05.03.23,5472
06.03.23,8962
07.03.23,11096
08.03.23,10138
09.03.23,10704
10.03.23,8820
11.03.23,5189
12.03.23,4959
13.03.23,10816
14.03.23,10781
15.03.23,9638
16.03.23,10341
17.03.23,7844
18.03.23,4615
19.03.23,5519
20.03.23,10128
21.03.23,10576
22.03.23,10034
23.03.23,9919
24.03.23,7913
25.03.23,5515
26.03.23,5434
27.03.23,10020
28.03.23,9762
29.03.23,9089
30.03.23,10150
31.03.23,8170
01.04.23,4845
02.04.23,4887
03.04.23,9161
04.04.23,10240
05.04.23,14374
06.04.23,11545
07.04.23,10000
08.04.23,7192
09.04.23,7350
10.04.23,13294
11.04.23,15950
12.04.23,13974
13.04.23,11805
14.04.23,11067
15.04.23,6840
16.04.23,6080
17.04.23,10389
18.04.23,13072
19.04.23,10842
20.04.23,11671
21.04.23,11755
22.04.23,6512
23.04.23,8204
24.04.23,11950
25.04.23,11904
26.04.23,12029
27.04.23,11136
28.04.23,9816
29.04.23,6534
30.04.23,5904
01.05.23,10013
02.05.23,12875
03.05.23,11421
04.05.23,11427
05.05.23,10115
06.05.23,6477
07.05.23,6786
08.05.23,13620
09.05.23,13225
10.05.23,15178
11.05.23,14196
12.05.23,10626
13.05.23,6489
14.05.23,6890
15.05.23,11977
16.05.23,10941
17.05.23,11244
18.05.23,12205
19.05.23,10235
20.05.23,5744
21.05.23,6165
22.05.23,11843
23.05.23,12991
24.05.23,11876
25.05.23,10896
26.05.23,9369
27.05.23,5465
28.05.23,5359
29.05.23,6468
30.05.23,11153
,5674334
